Workbook

Sheet 200核心原型转译主库
A1: 《现代中国神话生态》古典神话机制转译词典 v2.0（200 个核心叙事原子精修全量库）
A2: 序号 | B2: 古典词条名称 | C2: 总库原典编号与首见出处 | D2: 跨代互见演化链 | E2: 古典门类（含子类） | F2: 现代叙事域（六大域） | G2: 核心生长机制（六大机制） | H2: 物候栖息分级（四态） | I2: 古籍原典锚点（核对引文） | J2: 权能机制与触发条件 | K2: 代价禁忌与正名/契约克制律 | L2: 2026现代同构锚点 | M2: 专属叙事钩子与微剧本
A3: 1 | B3: 祝餘（不饥灵草） | C3: SHJ-01-0001《山海经·南山经》 | D3: 本条为跨代核心基准节点（详见18_演变总表） | E3: 附·灵物异植 | F3: ①都会基建与山海物候域 | G3: 机制四：积气成魅与呼名祝由 | H3: 【本草态】协同增益 | I3: 「其状如韭而青华，食之不饥」 | J3: 【古籍权能與触发】依据SHJ-01-0001原典：「其状如韭而青华，食之不饥」；在现代高密度气机/注意力场下触发显化。 | K3: 【克制与交互代价】服食后切断饥饿神经信号，但过度依赖会导致味觉与人间烟火气剥离 | L3: 24小时便利店代餐奶昔 / 程序员抗疲劳合成叶绿素贴片 | M3: 某大厂推行“祝余代餐计划”后，全组员工连续加班30天无需进食，但开始在深夜对着绿植进行光合作用
A4: 2 | B4: 迷穀（四照导引木） | C4: SHJ-01-0002《山海经·南山经》 | D4: 【汉魏六朝互见】HW-1446 迷穀（述異記）；HW-1446 迷穀（汉魏六朝他源汇总） | E4: 附·灵物异植 | F4: ①都会基建与山海物候域 | G4: 机制四：积气成魅与呼名祝由 | H4: 【本草态】协同增益 | I4: 「其状如榖而黑理，其华四照，佩之不迷」 | J4: 【古籍权能與触发】依据SHJ-01-0002原典：「其状如榖而黑理，其华四照，佩之不迷」；在现代高密度气机/注意力场下触发显化。 | K4: 【克制与交互代价】佩戴其黑理木芯可免疫一切空间折叠与算法信息茧房迷航 | L4: 自动驾驶激光雷达校准芯片 / 破解“鬼打墙”地下车库的物理挂件 | M4: 外卖骑手在新建成的超大立体交通枢纽连续绕圈3小时，直到老骑手递给他一枚刻有黑色木纹的“迷谷”钥匙扣
A5: 3 | B5: 鹿蜀与育沛 | C5: SHJ-01-0004/0005《山海经·南山经》 | D5: 本条为跨代核心基准节点（详见18_演变总表） | E5: 异兽/灵物 | F5: ③内景身神与身心医疗域 | G5: 机制四：积气成魅与呼名祝由 | H5: 【本草态】协同增益 | I5: 「育沛，佩之无瘕疾」「鹿蜀，其音如谣，佩之宜子孙」 | J5: 【古籍权能與触发】依据SHJ-01-0004/0005原典：「育沛，佩之无瘕疾」「鹿蜀，其音如谣，佩之宜子孙」；在现代高密度气机/注意力场下触发显化。 | K5: 【克制与交互代价】以特定声波频率（音如谣）或矿物磁场疏通现代都市人郁结之气 | L5: 白噪音助眠声学算法 / 缓解现代生育焦虑与亚健康的仿生穿戴挂件 | M5: 独立声学工作室采样了深山古兽音频，听众发现在该白噪音下失眠与结节奇迹消退，但梦中总听见虎文白首之马的低吟
A6: 4 | B6: 依倚（青衣厕精） | C6: BZ-0003《白泽图》（太平御览886） | D6: 本条为跨代核心基准节点（详见18_演变总表） | E6: 妖精（宅精） | F6: ①都会基建与山海物候域 | G6: 机制四：积气成魅与呼名祝由 | H6: 【白泽态】呼名可控 | I6: 「厕之精名曰依倚，青衣，持白杖。知其名呼之者除，不知其名则死」 | J6: 【古籍权能與触发】依据BZ-0003原典：「厕之精名曰依倚，青衣，持白杖。知其名呼之者除，不知其名则死」；在现代高密度气机/注意力场下触发显化。 | K6: 【克制与交互代价】潜伏于写字楼封闭卫生间或老旧排污管网；直呼“依倚”真名即化为清洁水流退散 | L6: 超甲级写字楼深夜自动感应冲水异常与幽闭恐惧幻觉 | M6: 深夜11点被困在32楼无信号洗手间的实习生，在镜中看到穿蓝色保洁服持白拖把的无脸人影，靠检索《白泽App》喊出“依倚”脱险
A7: 5 | B7: 无发小儿 / 满财（空室精） | C7: BZ-0004/0005《白泽图》 | D7: 本条为跨代核心基准节点（详见18_演变总表） | E7: 妖精（宅精） | F7: ②数码器物与智能宅精域 | G7: 机制四：积气成魅与呼名祝由 | H7: 【白泽态】呼名可控 | I7: 「筑室三年不居其中，有小儿长三尺而无发，见人则掩鼻，见之有福」 | J7: 【古籍权能與触发】依据BZ-0004/0005原典：「筑室三年不居其中，有小儿长三尺而无发，见人则掩鼻，见之有福」；在现代高密度气机/注意力场下触发显化。 | K7: 【克制与交互代价】房屋/机房空置满三年未通人气即自然生成；不可惊扰驱赶，以礼相待则带来意外现金流 | L7: 城市烂尾楼 / 空置三年的法拍毛坯房 / 闲置云端虚拟服务器 | M7: 买下空置四年法拍房的年轻夫妻，从智能门锁夜视监控里看到捂着鼻子的三尺光头孩童，次日竟在墙角发现前任留下的加密钱包密钥
A8: 6 | B8: 必方与宋无忌（火精） | C8: BZ-0006/0007《白泽图》 | D8: SHJ-02-0096 畢方；SHJ-06-0336 畢方鳥(海外南) | E8: 妖精（火精） | F8: ①都会基建与山海物候域 | G8: 机制四：积气成魅与呼名祝由 | H8: 【白泽态】呼名可控 | I8: 「火之精名必方，状如鸟，一足，以其名呼之即去」 | J8: 【古籍权能與触发】依据BZ-0006/0007原典：「火之精名必方，状如鸟，一足，以其名呼之即去」；在现代高密度气机/注意力场下触发显化。 | K8: 【克制与交互代价】在充电桩过载、数据中心服务器过热前夕显形为单足红影；在消防系统写入其真名可阻断热失控 | L8: 新能源汽车超充站电弧异常 / 算力中心机柜热失控预警 | M8: 消防物联网工程师发现凡是在底层固件注释里写入“必方·宋无忌”的变电站，全年零自燃事故
A9: 7 | B9: 委然（青衣玉精）与石瑭（金精） | C9: BZ-0009/0010《白泽图》 | D9: 本条为跨代核心基准节点（详见18_演变总表） | E9: 妖精（金玉精） | F9: ②数码器物与智能宅精域 | G9: 机制四：积气成魅与呼名祝由 | H9: 【白泽态】呼名可控 | I9: 「玉之精名曰委然，如美女，衣青衣，以桃戈刺之呼其名则可得」 | J9: 【古籍权能與触发】依据BZ-0009/0010原典：「玉之精名曰委然，如美女，衣青衣，以桃戈刺之呼其名则可得」；在现代高密度气机/注意力场下触发显化。 | K9: 【克制与交互代价】高纯度硅晶圆与黄金金库中游走的青衣女子虚影；需用桃木探针与真名协议锁定良品率 | L9: 半导体无尘晶圆厂的极紫外光刻良率波动 / 银行地下金库监控重影 | M9: 晶圆厂夜班工程师在良率暴跌当晚看到青衣女子穿行于光刻机之间，按古法在机械臂贴上桃木贴片并命名“委然”后良率飙升至99.9%
A10: 8 | B10: 傒囊（两山引路小儿） | C10: BZ-0001《搜神记》引《白泽图》 | D10: HW-0332 山精（蚑·熱內）；HW-1407 白澤 | E10: 妖精（山精） | F10: ①都会基建与山海物候域 | G10: 机制四：积气成魅与呼名祝由 | H10: 【白泽态】呼名可控 | I10: 「两山之间，其精如小儿，见人则伸手欲引人，名曰傒囊，引去故地则死」 | J10: 【古籍权能與触发】依据BZ-0001原典：「两山之间，其精如小儿，见人则伸手欲引人，名曰傒囊，引去故地则死」；在现代高密度气机/注意力场下触发显化。 | K10: 【克制与交互代价】只要不跟随其诱导路径离开原有安全区（故地），并大声报错其名“傒囊”，诱导即刻失效 | L10: 短视频无限下拉算法黑洞 / 户外徒步野线虚假轨迹导航包 | M10: 驴友在秦岭鳌太线收到一段神秘共享GPX轨迹，界面上总有个招手的小孩图标引他偏离主路，幸亏同队博物学者认出这是数字化“傒囊”
A11: 9 | B11: 喜（三岁不绝水精）与吹箫女子 | C11: BZ-0011/0015《白泽图》 | D11: 本条为跨代核心基准节点（详见18_演变总表） | E11: 妖精（水精/井神） | F11: ②数码器物与智能宅精域 | G11: 机制四：积气成魅与呼名祝由 | H11: 【白泽态】呼名可控 | I11: 「水流三岁不绝，其精名曰喜，状如小儿黑色，以其名呼之，使取饮食」 | J11: 【古籍权能與触发】依据BZ-0011/0015原典：「水流三岁不绝，其精名曰喜，状如小儿黑色，以其名呼之，使取饮食」；在现代高密度气机/注意力场下触发显化。 | K11: 【克制与交互代价】不间断循环运行满三年的净水系统或自动售货机可诞生“喜”；呼其名可自动调配最佳饮品 | L11: 24小时无人值守自助咖啡机 / 城市自来水厂恒压泵站 | M11: 写字楼大堂那台三年没断过电的无人咖啡机，只要对着取杯口轻唤一声“喜”，就会吐出一杯菜单上没有却能瞬间治愈失恋的特调热饮
A12: 10 | B12: 长右与貍力（基建水土兆兽） | C12: SHJ-01-0015/0017《山海经·南山经》 | D12: 本条为跨代核心基准节点（详见18_演变总表） | E12: 异兽神兽 | F12: ①都会基建与山海物候域 | G12: 机制四：积气成魅与呼名祝由 | H12: 【夷坚态】契约混居 | I12: 「貍力，见则其县多土功」「长右，状如禺而四耳，见则郡县大水」 | J12: 【古籍权能與触发】依据SHJ-01-0015/0017原典：「貍力，见则其县多土功」「长右，状如禺而四耳，见则郡县大水」；在现代高密度气机/注意力场下触发显化。 | K12: 【克制与交互代价】它们并非灾难制造者，而是城市地质应力与极端暴雨的“超前感知器”；严禁捕杀，需联动市政预警 | L12: 地铁盾构机前方的地质雷达异影 / 城市特大暴雨前夕出现在立交桥下的四耳灵长目生物 | M12: 市政防汛办建立了一套特殊的AI摄像头识别模型：一旦在地下管廊捕捉到“四耳猿（长右）”影像，全城提前6小时启动最高级别排涝响应
A13: 11 | B13: 三真与泥丸玄丹（人体内景身神） | C13: SL-4386/4428《云笈七签》卷101/104 | D13: 本条为跨代核心基准节点（详见18_演变总表） | E13: 仙真（身神267条） | F13: ③内景身神与身心医疗域 | G13: 机制四：积气成魅与呼名祝由 | H13: 【夷坚态】契约混居 | I13: 「三真者，兆一身之帝君…居丹田、绛宫、洞房」「玄丹者，泥丸之神也」 | J13: 【古籍权能與触发】依据SL-4386/4428原典：「三真者，兆一身之帝君…居丹田、绛宫、洞房」「玄丹者，泥丸之神也」；在现代高密度气机/注意力场下触发显化。 | K13: 【克制与交互代价】现代人长期刷屏、熬夜、焦虑会导致“身神不安其室”；需通过内景冥想或数字音声引导身神归位 | L13: 脑机接口神经信号波形 / 现代人慢性疲劳与注意力涣散综合征 | M13: 神经科学实验室用高精fMRI扫描深度冥想者大脑时，发现其松果体与前额叶皮层浮现出三个稳定的高维拓扑光团，与《黄庭经》“泥丸玄丹”分毫不差
A14: 12 | B14: 肾神出舍（三寸华服小女） | C14: SL-4299《夷坚志再补·肾神出舍》 | D14: TW-0450 身神；XQ-0321 身神；SL-5208 腎神（白鹿玉童）（雲笈整合輪：同名/同號「腎神」， | E14: 仙真（身神） | F14: ③内景身神与身心医疗域 | G14: 机制四：积气成魅与呼名祝由 | H14: 【夷坚态】契约混居 | I14: 「常见两女子，服饰华丽，其长才三四寸，每缘吾足而行…医曰：此肾神也」 | J14: 【古籍权能與触发】依据SL-4299原典：「常见两女子，服饰华丽，其长才三四寸，每缘吾足而行…医曰：此肾神也」；在现代高密度气机/注意力场下触发显化。 | K14: 【克制与交互代价】当打工人连续透支生命力时，五脏身神会化为三寸微缩人影从足底/办公桌溜走；需中医祝由与强制休假召回 | L14: ICU与大厂工位上的微缩全息幻视 / 过劳死前的最后生理预警机制 | M14: 连续通宵改方案的设计师看到两个三寸高的汉服小女孩顺着办公桌腿往门外跑，社区“扁鹊内景诊所”立刻开出强制断网72小时的“安神回舍方”
... A202: 200 | B202: 寶林山老猿（千年修行・隱身毫） | C202: MG-2303《三寶太監西洋記通俗演義（明·羅懋登撰）》 | D202: MG-2305〔11·地裡鬼（沙唧莫・寶林山獵戶）〕；MG-2304〔11·寶林山土地（奉上帝旨）〕 | E202: 妖精（精怪·猿精） | F202: ①都会基建与山海物候域 | G202: 机制一：层累叠压与现代转岗 | H202: 【夷坚态】契约混居 | I202: 「老猿到自己頭頂上扯下一根毫來，碧澄澄的顏色，就像個翠羽一般，約有三寸多長……我已經修行了千百多年，神完氣足，骨換胎移，你怎麼拿得我住」 | J202: 【原典气机特征】「老猿到自己頭頂上扯下一根毫來，碧澄澄的顏色」；当南京紫金山实验室的共享充电宝城市物联网总控台处于满负荷运转或节气交接（子午流注）时，其古籍气机拓扑被激活显化。 | K202: 【红尘混居牒移】尊重其「碧澄澄的顏色」之古礼习性，由辖区白泽署送达正一玄坛公平贸易哈希校验码与《非人常住混居证》，纳入南京紫金山实验室社区网格共治。 | L202: 南京紫金山实验室共享充电宝城市物联网总控台 × 「寶林山老猿」气机同构体（映射古籍：老猿到自己頭頂上扯下一根毫來） | M202: 2026年秋，南京紫金山实验室的共享充电宝城市物联网总控台连续三夜出现「碧澄澄的顏色」式的异常记录，工程师最初以为是系统故障，直到白泽署干员比对《三寶太監西洋記通俗演義（明·羅懋登撰）》原典，用正一玄坛公平贸易哈希校验码与「寶林山老猿」完成了首次跨时代工单会签。

Sheet 六大现代域与四态分级统计
A1: 200 核心叙事原子分布统计矩阵（左表：六大现代叙事域 ｜ 右表：四态物候响应分级）
A2: 现代叙事域（六大域） | B2: 原型条目数 | C2: 占总库比例 | D2: 核心现代场景定位 | F2: 四态物候响应分级 | G2: 原型条目数 | H2: 占总库比例 | I2: 标准现代交互协议（SOP）
A3: ①都会基建与山海物候域 | B3: =COUNTIF(200核心原型转译主库!$F$3:$F$202, "①都会基建与山海物候域") -> 90 | C3: =B3/$B$9 -> 0.45 | D3: 地铁管廊、跨海大桥与山川灵兽预警 | F3: 【本草态】协同增益 | G3: =COUNTIF(200核心原型转译主库!$H$3:$H$202, "【本草态】协同增益") -> 42 | H3: =G3/$G$7 -> 0.21 | I3: 源于《山海经》本草，研发穿戴外设与声学补剂
A4: ②数码器物与智能宅精域 | B4: =COUNTIF(200核心原型转译主库!$F$3:$F$202, "②数码器物与智能宅精域") -> 12 | C4: =B4/$B$9 -> 0.06 | D4: 智能家居、空置法拍房与机房硬件成精 | F4: 【白泽态】呼名可控 | G4: =COUNTIF(200核心原型转译主库!$H$3:$H$202, "【白泽态】呼名可控") -> 19 | H4: =G4/$G$7 -> 0.095 | I4: 源于《白泽图》呼名即除，检索真名消解或雇佣
A5: ③内景身神与身心医疗域 | B5: =COUNTIF(200核心原型转译主库!$F$3:$F$202, "③内景身神与身心医疗域") -> 9 | C5: =B5/$B$9 -> 0.045 | D5: 脑机接口、过劳亚健康与267人体身神 | F5: 【夷坚态】契约混居 | G5: =COUNTIF(200核心原型转译主库!$H$3:$H$202, "【夷坚态】契约混居") -> 117 | H5: =G5/$G$7 -> 0.585 | I5: 源于《夷坚志》，核发混居证与公文牒移调解
A6: ④金融商业与契约风控域 | B6: =COUNTIF(200核心原型转译主库!$F$3:$F$202, "④金融商业与契约风控域") -> 8 | C6: =B6/$B$9 -> 0.04 | D6: 高频量化、五通暴富陷阱与玄坛公平贸易 | F6: 【神霄态】考召收编 | G6: =COUNTIF(200核心原型转译主库!$H$3:$H$202, "【神霄态】考召收编") -> 22 | H6: =G6/$G$7 -> 0.11 | I6: 源于宋明雷法，调用雷部与法宝压制后招安外包
A7: ⑤历史英灵与市政网格域 | B7: =COUNTIF(200核心原型转译主库!$F$3:$F$202, "⑤历史英灵与市政网格域") -> 62 | C7: =B7/$B$9 -> 0.31 | D7: 社区持牒土地、守夜英魂与百工造物祖师 | F7: 四态分级总计 | G7: =SUM(G3:G6) -> 200 | H7: =SUM(H3:H6) -> 1 | I7: 替代西方 Safe/Euclid/Keter 体系
A8: ⑥天条星官与规则法宝域 | B8: =COUNTIF(200核心原型转译主库!$F$3:$F$202, "⑥天条星官与规则法宝域") -> 19 | C8: =B8/$B$9 -> 0.095 | D8: 周天星宿天条、雷部考召与103件规则法宝
A9: 六大叙事域总计 | B9: =SUM(B3:B8) -> 200 | C9: =SUM(C3:C8) -> 1 | D9: 覆盖先秦至明12门类及身神法宝

Sheet 六大生长机制与十二门类映射
A1: 200 核心原型之“六大生长机制”动态统计与演化算法定义表
A2: 六大核心生长机制 | B2: 200库原型数 | C2: 占比 | D2: 古典文献演化规律（源自14_专题报告二） | E2: 现代故事生成引擎算法公式
A3: 机制一：层累叠压与现代转岗 | B3: =COUNTIF(200核心原型转译主库!$G$3:$G$202, "机制一：层累叠压与现代转岗") -> 56 | C3: =B3/$B$9 -> 0.28 | D3: 同一神祇跨代叠加新身世与职司，旧层沉淀为隐藏底色（如西王母、真武、文昌） | E3: 【转岗公式】：上古自然/星宿神格 + 现代科技基建职司 = 表面现代公务神（违背契约则触发远古凶神本相反噬）
A4: 机制二：凡人立德与百工封神 | B4: =COUNTIF(200核心原型转译主库!$G$3:$G$202, "机制二：凡人立德与百工封神") -> 64 | C4: =B4/$B$9 -> 0.32 | D4: 历史忠烈、良医与百工造物者死后入仙班或冥司（如关羽、蒋子文、番禺、鬼官考绩） | E4: 【封神公式】：现代殉职守护者/硬核工程师 + 社区愿力/1,600工时考绩 = 持牒上任的新晋社区土地或行业祖神
A5: 机制三：雷法收编与市政外包 | B5: =COUNTIF(200核心原型转译主库!$G$3:$G$202, "机制三：雷法收编与市政外包") -> 8 | C5: =B5/$B$9 -> 0.04 | D5: 野生山精疫鬼经高道雷法降伏后编入护法元帅（如赵公明、五通转五显、王灵官） | E5: 【招安公式】：高危野生数字/金融异常 + 神霄雷部考召剥离戾气 = 带薪服役的市政反诈/变电站熔断外包节点
A6: 机制四：积气成魅与呼名祝由 | B6: =COUNTIF(200核心原型转译主库!$G$3:$G$202, "机制四：积气成魅与呼名祝由") -> 41 | C6: =B6/$B$9 -> 0.205 | D6: 万物积年得气假托人形，知其名呼之即除或可得（如《白泽图》45.9%呼名率、267身神） | E6: 【祛魅公式】：三年空置建筑/过载硬件/过劳脏腑积气成精 + 检索古籍呼出真名 = 瞬间降维可控或召回安神
A7: 机制五：图文互训与迷因形讹 | B7: =COUNTIF(200核心原型转译主库!$G$3:$G$202, "机制五：图文互训与迷因形讹") -> 10 | C7: =B7/$B$9 -> 0.05 | D7: 版画翻刻与类书转抄中因字形省讹衍生新兽（如《三才图会》聞𧲂→羲、玄貉→玄獮） | E7: 【迷因公式】：古籍OCR错字/AI文生图幻觉 × 百万网友转发凝视（算力愿力）= 坍缩孵化的赛博形讹实体（以古籍校勘记消解）
A8: 机制六：跨文化三教涵化 | B8: =COUNTIF(200核心原型转译主库!$G$3:$G$202, "机制六：跨文化三教涵化") -> 21 | C8: =B8/$B$9 -> 0.105 | D8: 外来神灵经血缘中国化与科层职司化准入万神殿（如哪吒折荷再生、无支祁合流孙悟空） | E8: 【涵化公式】：跨国前沿科技/外来亚文化概念 + 本土历史谱系挂靠 + 天条紧箍对齐 = 中国化数字神魔
A9: 六大生长机制总计 | B9: =SUM(B3:B8) -> 200 | C9: =SUM(C3:C8) -> 1 | D9: 基于全库 5,099 条跨表互见链实证提炼 | E9: 构成动态故事生成引擎的六条核心推演算法
